{
  "name": "Krastorio2",
  "version": "1.3.22",
  "title": "Krastorio 2",
  "description": "An overhaul mod focusing on end-game technologies and moderately increased complexity.",
  "author": "Linver, Krastor, raiguard",
  "contact": "https://github.com/raiguard/Krastorio2/issues",
  "homepage": "https://discord.gg/ECBzaXu",
  "factorio_version": "1.1",
  "dependencies": [
    "base >= 1.1.74",
    "Krastorio2Assets >= 1.2.1",
    "flib >= 0.12.0",
    "(?) aai-industry >= 0.3.17",
    "(?) aai-vehicles-chaingunner >= 0.5.2",
    "(?) Aircraft >= 1.6.6",
    "(?) angelsindustries >= 0.4.3",
    "(?) angelspetrochem >= 0.9.11",
    "(?) bobenemies >= 0.17.6",
    "(?) bullet-trails >= 0.4.1",
    "(?) ElectricTrain",
    "(?) deadlock-beltboxes-loaders >= 2.1.13",
    "(?) DeadlockLargerLamp >= 1.3.1",
    "(?) Dectorio >= 0.10.5",
    "(?) DiscoScience >= 1.0.0",
    "(?) Flow Control >= 3.0.5",
    "(?) rso-mod >= 6.0.6",
    "(?) Squeak Through >= 1.3.0",
    "(?) Tral_robot_tree_farm >= 1.2.5",
    "(?) vtk-armor-plating >= 0.8.0",
    "(?) WaterAsAResource >= 0.7.8",
    "! Annotorio >= 0.3.0",
    "! brave-new-world >= 3.2.1",
    "! Clowns-Nuclear >= 1.3.7",
    "! HdProcessedMetal >= 0.0.1",
    "! KS_Power >= 0.3.0",
    "! Krastorio >= 0.2.1",
    "! Krastorio-graphics >= 0.0.1",
    "! KS_Combat >= 0.1.11",
    "! ModularLife >= 0.2.11",
    "! Power Armor MK3 >= 0.0.1",
    "! PowerAndArmor >= 1.18.41",
    "! SimpleSilicon >= 1.0.0",
    "! bobequipment >= 0.17.0",
    "! bobvehicleequipment >= 0.17.0",
    "! custom_power_armor_fix >= 0.10.0",
    "! laborat >= 0.1.0"
  ],
  "package": {
    "git_publish_branch": "master",
    "ignore": [ "TODO.md", "crowdin.yml", "images", "stylua.toml", "tests" ],
    "scripts": {
      "prepublish": "factorio-crowdin-sync"
    },
    "sync_portal_details": true
  }
}
